,time,mean,std.dev.,upper,lower
0,0,3,1.5811388300841898,4.58113883008419,1.4188611699158102
1,1,3,1.5811388300841898,4.58113883008419,1.4188611699158102
2,2,3,1.5811388300841898,4.58113883008419,1.4188611699158102
3,3,3,1.5811388300841898,4.58113883008419,1.4188611699158102
4,4,3,1.5811388300841898,4.58113883008419,1.4188611699158102
